cve_ent,poblacion,nombre,12-01-2020,13-01-2020,14-01-2020,15-01-2020,16-01-2020,17-01-2020,18-01-2020,19-01-2020,20-01-2020,21-01-2020,22-01-2020,23-01-2020,24-01-2020,25-01-2020,26-01-2020,27-01-2020,28-01-2020,29-01-2020,30-01-2020,31-01-2020,01-02-2020,02-02-2020,03-02-2020,04-02-2020,05-02-2020,06-02-2020,07-02-2020,08-02-2020,09-02-2020,10-02-2020,11-02-2020,12-02-2020,13-02-2020,14-02-2020,15-02-2020,16-02-2020,17-02-2020,18-02-2020,19-02-2020,20-02-2020,21-02-2020,22-02-2020,23-02-2020,24-02-2020,25-02-2020,26-02-2020,27-02-2020,28-02-2020,29-02-2020,01-03-2020,02-03-2020,03-03-2020,04-03-2020,05-03-2020,06-03-2020,07-03-2020,08-03-2020,09-03-2020,10-03-2020,11-03-2020,12-03-2020,13-03-2020,14-03-2020,15-03-2020,16-03-2020,17-03-2020,18-03-2020,19-03-2020,20-03-2020,21-03-2020,22-03-2020,23-03-2020,24-03-2020,25-03-2020,26-03-2020,27-03-2020,28-03-2020,29-03-2020,30-03-2020,31-03-2020,01-04-2020,02-04-2020,03-04-2020,04-04-2020,05-04-2020,06-04-2020,07-04-2020,08-04-2020,09-04-2020,10-04-2020,11-04-2020,12-04-2020,13-04-2020,14-04-2020,15-04-2020,16-04-2020,17-04-2020,18-04-2020,19-04-2020,20-04-2020,21-04-2020,22-04-2020,23-04-2020,24-04-2020,25-04-2020,26-04-2020,27-04-2020,28-04-2020,29-04-2020,30-04-2020,01-05-2020,02-05-2020,03-05-2020,04-05-2020,05-05-2020,06-05-2020,07-05-2020,08-05-2020,09-05-2020,10-05-2020,11-05-2020,12-05-2020,13-05-2020,14-05-2020,15-05-2020,16-05-2020,17-05-2020,18-05-2020,19-05-2020,20-05-2020,21-05-2020,22-05-2020,23-05-2020,24-05-2020,25-05-2020,26-05-2020,27-05-2020,28-05-2020,29-05-2020,30-05-2020,31-05-2020,01-06-2020,02-06-2020,03-06-2020,04-06-2020,05-06-2020,06-06-2020,07-06-2020,08-06-2020,09-06-2020,10-06-2020,11-06-2020,12-06-2020,13-06-2020,14-06-2020,15-06-2020,16-06-2020,17-06-2020,18-06-2020,19-06-2020,20-06-2020,21-06-2020,22-06-2020,23-06-2020,24-06-2020,25-06-2020,26-06-2020,27-06-2020,28-06-2020,29-06-2020,30-06-2020,01-07-2020,02-07-2020,03-07-2020,04-07-2020,05-07-2020,06-07-2020,07-07-2020,08-07-2020,09-07-2020,10-07-2020,11-07-2020,12-07-2020,13-07-2020,14-07-2020,15-07-2020,16-07-2020,17-07-2020,18-07-2020,19-07-2020,20-07-2020,21-07-2020,22-07-2020,23-07-2020,24-07-2020,25-07-2020,26-07-2020,27-07-2020,28-07-2020,29-07-2020,30-07-2020,31-07-2020,01-08-2020,02-08-2020,03-08-2020,04-08-2020,05-08-2020,06-08-2020,07-08-2020,08-08-2020,09-08-2020,10-08-2020,11-08-2020,12-08-2020,13-08-2020,14-08-2020,15-08-2020,16-08-2020,17-08-2020,18-08-2020,19-08-2020,20-08-2020,21-08-2020,22-08-2020,23-08-2020,24-08-2020,25-08-2020,26-08-2020,27-08-2020,28-08-2020,29-08-2020,30-08-2020,31-08-2020,01-09-2020,02-09-2020,03-09-2020,04-09-2020,05-09-2020,06-09-2020,07-09-2020,08-09-2020,09-09-2020,10-09-2020,11-09-2020,12-09-2020,13-09-2020,14-09-2020,15-09-2020,16-09-2020,17-09-2020,18-09-2020,19-09-2020,20-09-2020,21-09-2020,22-09-2020,23-09-2020,24-09-2020,25-09-2020,26-09-2020,27-09-2020,28-09-2020,29-09-2020,30-09-2020,01-10-2020,02-10-2020,03-10-2020,04-10-2020,05-10-2020,06-10-2020,07-10-2020,08-10-2020,09-10-2020,10-10-2020,11-10-2020,12-10-2020,13-10-2020,14-10-2020,15-10-2020,16-10-2020,17-10-2020,18-10-2020,19-10-2020,20-10-2020,21-10-2020,22-10-2020,23-10-2020,24-10-2020,25-10-2020,26-10-2020,27-10-2020,28-10-2020,29-10-2020,30-10-2020,31-10-2020,01-11-2020,02-11-2020,03-11-2020,04-11-2020,05-11-2020,06-11-2020,07-11-2020,08-11-2020,09-11-2020,10-11-2020,11-11-2020,12-11-2020,13-11-2020,14-11-2020,15-11-2020,16-11-2020,17-11-2020,18-11-2020,19-11-2020,20-11-2020,21-11-2020,22-11-2020,23-11-2020,24-11-2020,25-11-2020,26-11-2020,27-11-2020,28-11-2020,29-11-2020,30-11-2020,01-12-2020,02-12-2020,03-12-2020,04-12-2020,05-12-2020,06-12-2020,07-12-2020,08-12-2020,09-12-2020,10-12-2020,11-12-2020,12-12-2020,13-12-2020,14-12-2020,15-12-2020,16-12-2020,17-12-2020,18-12-2020,19-12-2020,20-12-2020,21-12-2020,22-12-2020,23-12-2020,24-12-2020,25-12-2020,26-12-2020
"01",1434635,"AGUASCALIENTES",0,0,0,0,0,0,0,0,0,0,0,0,0,0,0,0,0,0,0,0,0,0,0,0,0,0,0,0,0,0,0,0,0,0,0,0,0,0,0,1,0,0,0,0,0,0,0,0,0,0,0,0,0,0,0,0,0,0,0,0,0,0,1,0,0,1,3,1,2,1,1,4,0,17,4,6,5,3,4,1,0,0,2,0,2,4,1,1,0,3,1,2,9,2,12,7,18,13,3,17,13,11,21,11,1,7,17,32,17,27,4,3,4,50,12,16,24,14,0,4,11,44,14,24,28,3,7,37,21,27,30,24,18,9,39,39,35,45,42,15,20,62,58,60,44,61,22,28,73,67,63,63,60,34,23,82,58,74,64,70,15,26,68,53,50,69,56,17,11,39,39,79,71,68,11,8,91,119,53,43,77,21,32,82,82,82,85,73,22,15,51,97,52,73,72,18,21,69,63,59,58,63,36,17,61,71,49,41,43,22,19,78,51,58,63,53,15,33,90,80,66,55,66,40,35,66,69,101,58,70,43,23,92,60,79,76,48,19,23,76,56,62,57,52,14,13,68,16,23,103,55,28,25,86,67,81,76,54,22,15,95,95,85,54,73,15,17,105,93,69,75,79,19,24,116,91,91,98,96,20,32,155,114,110,112,139,45,32,162,194,173,164,171,38,26,228,174,128,113,169,29,43,138,111,199,213,151,36,34,41,264,267,241,218,54,49,257,256,197,187,159,52,40,198,186,195,146,122,33,48,139,120,129,99,95,18,24,112,121,85,57,54,14,19,55,17,1,1,0,0
"02",3634868,"BAJA CALIFORNIA",0,0,0,0,0,0,0,0,0,0,0,0,0,0,0,0,0,0,0,0,0,0,0,0,0,0,0,0,0,0,0,0,0,0,0,0,0,0,0,0,0,0,0,0,0,0,0,0,0,0,0,1,0,0,0,0,0,0,0,1,0,0,0,0,1,3,4,5,6,3,2,10,9,7,11,16,7,21,29,44,67,30,38,25,20,70,41,58,58,49,32,44,81,104,102,84,99,45,44,111,108,91,112,87,44,69,112,98,109,89,92,78,91,145,141,118,123,142,75,69,130,126,129,114,147,73,72,216,156,170,232,210,66,82,135,135,130,118,116,84,71,153,172,163,152,152,106,69,172,175,149,148,115,87,93,181,189,151,147,176,88,62,209,196,180,175,174,111,63,207,201,185,193,166,73,97,216,213,213,166,132,62,79,169,177,184,161,145,87,94,162,143,143,124,138,80,64,150,134,124,133,157,68,65,150,150,118,115,114,64,47,170,119,112,112,100,40,50,169,126,123,136,99,46,46,150,108,93,114,110,40,39,194,185,157,162,124,64,36,158,122,111,106,104,36,31,114,50,32,120,100,36,37,97,103,106,77,81,27,28,110,94,128,107,84,47,31,140,136,129,92,73,41,37,130,133,131,122,89,46,49,148,139,141,133,145,45,38,159,123,117,88,94,50,43,146,130,144,98,113,60,47,152,100,120,92,97,67,59,74,188,219,216,205,126,100,320,303,313,296,261,119,111,322,359,291,263,244,152,102,301,297,263,283,255,118,94,251,255,233,186,155,57,53,194,94,61,16,4,0
"03",804708,"BAJA CALIFORNIA SUR",0,0,0,0,0,0,0,0,0,0,0,0,0,0,0,0,0,0,0,0,0,0,0,0,0,0,0,0,0,0,0,0,0,0,0,0,0,0,0,0,0,0,0,0,0,0,0,0,0,0,0,0,0,0,0,0,0,0,0,0,0,0,0,0,0,1,1,0,1,1,0,4,2,0,2,4,4,1,14,7,5,11,16,5,5,23,24,24,22,9,7,5,15,17,5,9,6,3,8,7,12,5,9,13,5,7,10,4,4,14,2,9,6,7,12,10,11,9,6,10,7,16,13,8,5,11,3,11,15,17,8,15,7,9,17,14,21,18,22,13,8,36,17,16,22,22,14,20,53,38,47,29,25,22,21,51,30,46,48,19,34,18,31,46,53,54,41,45,34,66,58,72,69,63,56,49,89,112,91,126,117,38,49,128,119,131,117,90,62,39,156,109,115,142,106,66,39,172,154,117,154,100,67,41,161,146,150,123,111,82,43,140,122,127,141,130,55,47,142,138,96,35,79,75,49,142,99,106,121,68,52,62,129,118,133,114,103,58,39,136,126,104,84,93,65,28,99,91,55,88,114,64,19,107,84,84,82,92,57,19,94,98,79,84,71,43,28,100,79,69,90,94,49,22,112,94,76,95,119,57,23,113,92,103,81,97,58,19,114,94,87,85,66,33,25,86,71,80,74,57,29,24,114,85,76,92,62,31,20,31,88,91,92,71,39,30,100,103,86,97,75,46,31,115,125,108,91,100,46,22,110,118,100,140,117,75,27,147,150,110,111,114,58,26,98,95,85,60,0,0
"04",1000617,"CAMPECHE",0,0,0,0,0,0,0,0,0,0,0,0,0,0,0,0,0,0,0,0,0,0,0,0,0,0,0,0,0,0,0,0,0,0,0,0,0,0,0,0,0,0,0,0,0,0,0,0,0,0,0,0,0,0,0,0,1,0,0,0,1,0,1,0,0,0,0,0,0,0,0,1,0,0,0,3,0,1,0,0,0,2,1,0,3,3,0,0,2,1,5,2,2,4,3,4,3,6,2,5,7,6,7,4,6,8,4,6,8,8,6,11,11,18,9,16,11,14,14,7,24,20,16,12,15,15,15,17,21,24,16,25,17,14,33,36,31,29,20,19,7,38,23,19,39,41,24,23,43,59,69,74,34,27,21,98,84,108,88,99,54,38,104,92,87,90,99,52,49,72,89,70,94,59,32,37,80,91,91,98,108,52,63,121,77,118,114,100,46,51,116,106,89,85,86,34,24,70,85,68,65,61,38,32,53,66,51,47,26,17,16,41,28,37,36,13,13,14,31,43,32,25,62,14,11,33,30,20,24,45,8,6,32,17,28,24,16,3,7,18,12,11,10,32,11,7,14,3,3,9,41,3,6,22,6,14,15,15,9,5,16,14,13,14,20,0,5,18,7,13,7,19,2,1,13,12,13,13,22,6,2,18,10,5,16,10,2,4,31,14,18,6,18,2,0,9,5,20,7,5,6,5,12,6,12,12,19,3,6,5,12,22,4,19,2,6,24,12,26,22,13,3,1,19,14,16,15,19,6,2,18,12,21,5,24,9,3,34,17,28,12,8,2,5,12,5,3,2,0,0
"07",5730367,"CHIAPAS",0,0,0,0,0,0,0,0,0,0,0,0,0,0,0,0,0,0,0,0,0,0,0,0,0,0,0,0,0,0,0,0,0,0,0,0,0,0,0,0,0,0,0,0,0,0,0,0,1,0,0,0,0,0,0,0,0,0,0,0,0,0,0,0,0,0,1,0,0,0,0,3,0,2,0,5,1,0,2,2,4,2,5,1,1,5,2,6,3,3,1,0,5,5,6,3,10,4,7,10,9,11,15,13,9,12,21,9,19,13,19,9,14,31,28,35,35,36,23,21,32,47,68,66,82,40,34,93,64,74,104,99,55,50,146,132,125,141,126,70,70,146,144,114,109,128,71,74,140,130,110,96,107,68,61,94,92,110,94,83,53,39,96,86,97,89,85,43,46,69,54,65,54,62,42,23,42,44,35,31,41,21,27,87,104,52,58,42,21,66,53,36,50,28,52,18,26,46,42,33,22,40,23,17,29,39,48,36,16,12,15,29,21,19,35,21,9,10,26,22,21,29,36,14,9,14,23,16,11,8,5,7,18,21,12,13,15,9,7,19,15,18,26,10,9,4,18,13,3,19,15,10,4,22,15,13,16,5,9,12,17,15,11,15,12,5,2,15,10,9,10,8,8,4,17,8,7,18,6,3,1,16,4,7,10,6,3,5,8,9,5,8,3,1,1,4,4,3,4,4,1,2,7,10,16,19,4,3,1,5,15,16,12,13,0,5,15,8,6,11,8,4,4,15,20,15,21,24,7,3,20,23,20,27,24,6,16,32,16,21,22,12,7,5,14,16,10,0,1,0
"08",3801487,"CHIHUAHUA",0,0,0,0,0,0,0,0,0,0,0,0,0,0,0,0,0,0,0,0,0,0,0,0,0,0,0,0,0,0,0,0,0,0,0,0,0,0,0,0,0,0,0,1,0,0,0,0,0,0,0,0,0,0,0,0,0,0,1,0,0,1,1,0,0,0,1,2,3,2,1,0,1,3,3,2,2,5,5,6,8,9,5,10,14,14,9,12,11,13,17,11,21,20,23,31,23,24,27,45,43,40,59,53,42,30,58,59,73,75,56,51,33,64,89,76,76,65,49,52,77,59,85,79,73,57,55,90,74,76,103,81,69,31,97,70,71,58,91,28,39,84,86,62,51,78,43,29,78,61,74,67,51,25,25,58,83,58,63,66,39,26,60,60,66,53,83,37,23,81,92,108,95,81,36,41,92,94,102,81,130,60,34,129,101,116,110,98,51,43,118,110,133,130,109,53,50,103,118,114,122,88,72,42,104,122,116,100,113,71,44,94,127,96,119,108,59,39,105,102,116,113,104,54,37,122,137,174,125,101,66,46,135,179,141,112,92,48,41,140,118,128,103,106,58,19,123,120,72,109,155,62,63,182,151,140,120,140,56,55,186,220,192,187,195,88,83,334,336,343,388,433,311,173,411,657,687,599,601,431,226,748,841,571,595,529,310,265,667,582,394,391,470,220,221,341,425,418,354,321,152,128,333,323,319,378,292,147,95,147,336,273,279,293,109,81,199,210,189,190,157,82,70,157,156,123,102,84,45,39,92,120,126,97,64,58,29,79,81,91,68,56,19,14,19,20,11,7,0,0
"09",9018645,"DISTRITO FEDERAL",0,0,0,0,0,0,0,0,0,0,0,0,0,0,0,0,0,0,0,0,0,0,0,0,0,0,0,0,0,0,0,0,0,0,0,0,0,0,0,0,0,0,0,1,0,0,3,1,0,0,0,1,1,2,0,1,1,0,3,14,18,25,21,10,27,36,32,64,36,22,19,40,64,46,68,62,61,39,83,59,67,79,93,63,59,138,141,132,141,165,123,120,279,265,241,268,347,203,205,475,455,429,381,549,283,246,531,577,594,574,357,334,307,749,609,705,738,821,410,380,837,853,910,821,957,614,376,1094,1033,1050,983,926,482,353,1039,917,993,843,940,557,411,1065,928,978,933,958,522,386,1025,1005,960,885,929,404,342,932,991,943,937,890,442,273,870,892,802,827,906,369,308,970,927,999,876,936,377,239,993,950,955,753,873,399,255,1071,928,1219,1133,1179,660,259,1155,1160,1202,1117,1069,552,265,1057,1064,1068,1045,943,536,251,877,1030,1019,929,995,506,191,891,1024,1016,1004,1037,486,186,1011,1185,1146,958,1082,508,274,1081,1067,1422,1243,1255,730,251,1042,1424,1466,1347,1238,657,260,982,1355,1284,1195,1195,731,215,960,782,219,1280,1155,651,263,967,1256,1201,1155,1159,750,299,1126,1237,1214,1179,1043,564,228,1028,1218,1235,1194,1202,550,296,1247,1356,1224,1329,1521,670,314,1863,1963,1719,1765,1878,774,308,1956,1910,1916,1671,1523,682,291,620,2134,1955,1912,1736,807,320,2361,2278,2088,1996,1997,893,409,418,2450,2136,1957,2042,1201,440,2795,2911,2649,2755,2930,1582,558,3635,3802,4126,4149,4277,2506,717,5016,4647,4643,4782,4621,2438,617,4932,4734,4486,4410,4500,2372,576,4129,3631,3140,2265,156,0
"05",3218720,"COAHUILA",0,0,0,0,0,0,0,0,0,0,0,0,0,0,0,0,0,0,0,0,0,0,0,0,0,0,0,0,0,0,0,0,0,0,0,0,0,0,0,0,0,0,0,0,0,0,0,1,0,0,0,0,0,0,0,0,0,0,0,2,0,0,0,0,1,2,2,3,4,0,0,1,6,0,3,4,4,8,18,14,21,23,25,11,4,26,8,19,6,14,9,7,15,17,16,6,11,9,9,9,22,14,10,13,3,4,24,18,13,20,15,5,5,26,31,34,23,19,10,15,29,31,17,32,37,17,12,62,48,42,64,45,37,17,54,55,70,55,93,36,35,102,77,73,78,89,38,42,140,129,125,128,136,57,45,169,189,180,205,208,119,64,274,334,247,203,247,176,108,334,307,322,247,327,194,141,307,361,313,311,278,119,85,388,368,296,294,302,163,102,309,328,306,328,345,176,107,430,393,324,341,255,227,65,337,408,364,357,338,200,85,383,378,292,301,304,213,132,282,287,312,298,392,158,104,311,275,318,268,254,127,51,238,236,198,183,185,98,90,201,212,156,146,137,66,67,178,119,93,198,150,86,45,207,181,168,168,161,126,61,188,234,213,192,199,125,104,255,319,243,231,230,151,103,296,343,265,274,241,145,135,345,390,383,377,374,199,151,355,346,296,315,282,148,92,283,380,299,317,329,179,115,367,438,418,341,299,187,106,159,339,345,273,311,160,102,266,306,287,272,311,114,120,278,332,257,301,289,113,73,260,314,250,280,232,141,87,312,313,265,281,186,117,107,258,292,152,33,2,1
"06",785153,"COLIMA",0,0,0,0,0,0,0,0,0,0,0,0,0,0,0,0,0,0,0,0,0,0,0,0,0,0,0,0,0,0,0,0,0,0,0,0,0,0,0,0,0,0,0,0,0,0,0,0,0,0,0,0,0,0,0,0,0,0,0,0,0,0,1,0,1,0,0,0,0,0,0,0,1,0,0,0,0,0,1,1,2,0,0,0,0,0,0,0,0,0,1,2,0,0,1,2,2,1,1,1,1,1,3,2,1,0,2,0,0,3,1,0,2,3,5,1,1,2,3,1,2,6,4,12,4,3,5,7,7,9,4,7,4,7,7,7,5,7,8,6,4,11,12,11,9,11,11,4,13,15,12,16,13,11,8,15,24,17,18,27,11,17,21,23,21,25,27,17,13,21,22,36,18,34,13,14,33,36,34,38,60,28,23,59,59,49,72,51,43,37,63,65,79,73,62,42,41,50,70,53,64,44,25,34,76,75,66,67,57,32,35,70,73,79,71,80,43,43,75,64,75,83,67,42,43,79,83,72,59,60,35,32,82,52,48,36,44,22,24,54,49,32,41,50,20,27,49,49,24,45,64,39,35,58,76,57,70,48,37,25,75,70,75,53,56,35,22,57,64,56,73,73,33,29,48,56,47,49,76,34,27,41,50,41,36,36,20,16,39,52,39,36,35,19,18,29,28,34,31,24,19,13,30,30,30,9,12,3,7,7,30,36,24,14,15,6,26,23,20,23,21,13,16,23,23,25,26,17,16,11,22,18,24,19,17,16,16,23,8,30,23,16,18,15,16,23,11,0,0,0
"10",1868996,"DURANGO",0,0,0,0,0,0,0,0,0,0,0,0,0,0,0,0,0,0,0,0,0,0,0,0,0,0,0,0,0,0,0,0,0,0,0,0,0,0,0,0,0,0,0,0,0,0,0,0,0,0,0,0,0,0,0,0,0,0,0,1,0,1,1,0,0,1,1,0,0,1,0,1,1,1,0,0,0,0,2,2,1,0,0,1,0,1,0,1,1,0,1,0,0,0,2,2,0,2,10,4,4,2,2,2,5,8,5,3,8,2,6,6,7,3,3,5,11,10,2,1,6,11,10,12,16,3,8,15,7,23,20,24,6,15,27,21,27,23,33,37,12,39,40,33,44,81,22,20,72,71,49,59,52,17,18,72,91,69,82,54,15,17,72,105,93,71,89,52,38,60,90,108,63,77,21,20,70,67,81,114,73,29,25,106,85,87,84,84,30,14,108,116,86,89,72,22,40,121,96,98,75,88,38,17,108,77,84,103,68,23,22,98,124,88,101,91,17,19,119,114,71,103,102,35,26,134,107,118,105,112,21,25,138,139,173,105,110,25,34,123,106,106,98,114,18,23,98,76,15,107,117,21,29,147,108,108,95,108,14,22,118,112,127,112,111,15,22,160,146,200,177,169,28,36,271,211,191,248,216,56,51,323,321,350,310,301,93,84,373,421,345,288,292,70,60,254,325,379,279,248,66,73,269,247,274,302,287,128,44,127,383,318,277,290,56,73,356,311,224,292,248,38,72,262,239,233,182,155,18,27,170,193,141,129,116,30,22,145,168,127,122,128,19,15,126,139,93,34,0,0
"11",6228175,"GUANAJUATO",0,0,0,0,0,0,0,0,0,0,0,0,0,0,0,0,0,0,0,0,0,0,0,0,0,0,0,0,0,0,0,0,0,0,0,0,0,0,0,0,0,0,0,0,0,0,0,0,0,0,0,0,0,0,0,0,0,0,0,0,0,1,0,2,2,0,1,1,5,11,1,6,1,4,6,5,4,1,5,2,1,2,5,3,3,8,6,9,2,3,6,2,3,4,13,14,29,11,10,14,10,13,9,12,11,7,25,17,14,16,14,10,11,33,23,30,37,43,26,23,41,53,41,51,36,34,20,54,69,58,64,56,52,20,120,97,107,141,144,98,70,182,174,178,219,172,126,81,199,230,189,205,215,126,84,340,319,336,326,376,190,117,386,411,394,300,368,210,121,409,420,416,423,434,227,133,484,517,504,523,456,187,170,572,563,628,557,442,234,155,500,655,568,537,509,231,183,606,641,486,549,438,171,150,535,454,380,364,433,184,114,438,445,435,455,395,170,107,366,361,444,424,478,160,152,517,423,470,439,434,207,157,568,471,384,399,421,124,142,417,455,389,425,406,133,120,500,261,154,309,303,110,81,290,276,207,260,219,82,76,317,247,278,273,306,57,62,206,211,270,274,276,90,85,311,304,279,293,306,110,103,387,454,427,381,407,156,125,545,564,435,423,401,141,135,251,487,472,498,472,184,176,543,590,599,561,578,284,143,233,760,678,711,730,289,183,819,908,788,858,829,345,237,779,931,818,775,696,253,199,836,895,845,897,651,328,204,958,847,698,643,552,277,273,709,618,354,88,1,0
"12",3657048,"GUERRERO",0,0,0,0,0,0,0,0,0,0,0,0,0,0,0,0,0,0,0,0,0,0,0,0,0,0,0,0,0,0,0,0,0,0,0,0,0,0,0,0,0,0,0,0,0,0,0,0,0,0,0,0,0,0,0,0,0,0,0,0,0,2,0,0,2,5,1,0,0,1,1,1,0,3,4,3,3,1,2,5,3,1,1,2,3,8,11,6,7,5,5,12,17,7,5,12,13,9,6,16,7,13,19,25,13,18,26,29,32,19,15,41,30,54,38,51,42,41,38,33,49,66,51,77,62,52,42,128,112,143,143,132,66,71,138,119,123,113,101,62,80,155,112,116,133,126,93,68,160,110,155,157,154,81,98,143,154,112,107,134,54,71,183,127,97,136,128,144,174,255,253,266,304,276,191,154,161,149,119,144,142,41,129,163,173,139,171,121,116,129,247,146,152,220,199,96,88,210,184,144,201,169,128,63,190,222,221,162,143,63,42,180,129,111,151,114,75,47,144,125,144,106,94,65,59,128,143,105,118,139,38,39,147,165,176,158,163,58,78,229,186,161,161,182,81,73,215,186,69,194,161,82,42,201,194,212,155,134,65,61,176,191,170,124,119,57,54,177,133,153,126,102,49,40,135,109,135,112,77,25,22,117,92,89,93,60,28,33,90,62,46,72,58,31,19,29,87,54,63,42,29,21,78,59,70,66,45,25,15,34,67,63,48,63,29,21,111,86,62,67,110,22,24,78,79,69,69,54,44,36,108,88,81,92,77,56,49,144,111,91,100,78,14,22,75,31,17,3,0,0
"13",3086414,"HIDALGO",0,0,0,0,0,0,0,0,0,0,0,0,0,0,0,0,0,0,0,0,0,0,0,0,0,0,0,0,0,0,0,0,0,0,0,0,0,0,0,0,0,0,0,0,0,0,1,0,0,0,0,0,0,0,0,0,0,0,0,0,0,0,0,1,0,2,0,0,3,3,0,1,1,5,4,4,0,2,7,7,5,1,3,2,2,3,3,1,0,7,3,5,8,9,5,5,9,6,14,19,12,15,19,20,23,19,26,28,29,31,26,22,27,37,30,41,38,37,26,25,52,57,46,67,81,54,26,80,70,78,96,81,52,40,89,71,81,93,73,47,40,95,79,66,65,66,54,29,89,110,78,73,98,46,43,81,72,71,77,87,55,28,75,81,87,84,90,44,40,94,82,109,96,78,39,35,102,88,86,77,89,49,49,121,111,110,117,109,75,60,180,149,135,134,131,79,74,140,136,133,140,132,78,86,158,142,166,136,145,104,70,132,139,139,161,134,83,74,117,113,125,141,136,73,73,167,150,133,113,102,72,65,123,103,118,92,93,45,47,111,78,117,79,102,48,52,110,78,63,93,96,43,38,128,111,86,81,84,51,25,98,85,81,76,80,48,47,83,88,105,82,70,39,47,100,87,107,117,96,54,66,134,114,115,101,106,77,65,145,109,122,136,105,52,56,98,133,121,131,90,58,75,144,151,121,125,117,66,71,97,168,130,123,134,63,82,185,151,177,187,157,65,66,177,144,173,203,169,87,103,193,206,185,218,177,118,98,226,203,187,205,191,67,102,196,192,122,81,8,0
"14",8409693,"JALISCO",0,0,0,0,0,0,0,0,0,0,0,0,0,0,0,0,0,0,0,0,0,0,0,0,0,0,0,0,0,0,0,0,0,0,0,0,0,0,0,0,0,0,0,0,0,0,0,0,0,0,0,0,0,0,0,0,0,0,0,1,3,3,5,2,12,6,17,11,5,1,3,8,7,7,6,7,2,2,7,7,3,8,10,2,2,4,6,9,5,8,5,5,10,4,11,10,14,7,3,10,17,25,20,32,9,9,22,14,22,26,15,29,16,31,21,25,51,25,28,22,50,40,30,57,66,19,31,58,75,64,64,75,43,38,95,129,143,128,170,129,86,231,193,210,180,221,103,71,267,252,249,233,186,120,89,228,220,220,238,201,139,97,227,237,207,182,225,140,111,191,233,207,210,217,140,96,248,251,220,219,247,140,124,300,309,272,260,264,168,105,335,306,280,224,212,127,125,314,243,249,219,191,135,102,266,245,272,251,248,127,116,263,244,241,236,212,115,113,309,260,224,231,209,112,101,276,252,280,242,250,87,108,329,253,263,276,223,98,94,323,292,273,237,219,91,106,339,184,108,322,256,112,93,345,337,295,296,297,94,86,303,355,299,255,235,111,78,261,269,290,236,232,88,113,318,294,316,270,257,133,118,403,343,312,277,231,123,91,353,288,306,261,242,147,90,285,328,282,265,252,91,82,279,268,308,290,294,128,102,166,357,358,327,277,143,115,427,359,406,376,337,179,109,404,392,426,380,318,145,127,364,347,364,322,337,220,137,420,353,401,383,302,139,155,411,302,215,136,11,0
"15",17427790,"MEXICO",0,0,0,0,0,0,0,0,0,0,0,0,0,0,0,0,0,0,0,0,0,0,0,0,0,0,0,0,0,0,0,0,0,0,0,0,0,0,0,0,0,0,0,0,0,0,0,1,0,0,1,1,1,1,0,0,2,1,3,2,3,11,4,10,7,7,7,25,25,9,13,24,45,35,43,53,34,24,57,38,61,56,61,35,49,101,85,99,71,98,82,87,174,172,203,201,167,169,162,276,291,266,285,340,223,229,386,369,333,317,295,245,264,517,373,370,465,455,280,273,622,576,594,557,638,383,335,724,605,678,699,731,340,378,828,711,776,711,726,415,350,870,830,953,821,837,428,436,1078,916,923,772,760,391,394,896,882,789,766,764,391,276,775,678,714,603,715,305,287,854,641,849,687,699,346,273,751,665,683,528,715,283,247,747,644,773,655,670,310,297,847,834,781,615,653,285,207,734,641,691,639,608,312,234,724,688,703,583,610,265,208,718,596,603,607,552,273,171,670,615,493,526,600,232,212,605,638,547,601,557,226,159,679,594,668,557,572,244,167,660,646,538,621,548,236,186,648,408,177,652,626,218,209,639,514,557,491,588,215,158,551,540,516,511,427,182,140,396,399,423,368,363,205,138,441,474,402,448,427,202,170,489,536,423,467,502,171,179,498,560,493,524,495,186,168,318,595,484,453,428,226,190,519,564,637,583,529,281,205,219,721,686,625,629,306,232,808,849,819,783,836,408,259,922,1002,1038,1093,1178,551,329,1428,1535,1226,1221,1324,661,357,1495,1497,1380,1193,1066,546,287,1007,986,693,451,74,0
"16",4825401,"MICHOACAN",0,0,0,0,0,0,0,0,0,0,0,0,0,0,0,0,0,0,0,0,0,0,0,0,0,0,0,0,0,0,0,0,0,0,0,0,0,0,0,0,0,0,0,0,0,0,0,0,0,0,0,0,0,0,0,0,0,0,0,0,0,0,0,0,0,0,1,1,2,5,0,3,3,2,3,1,1,3,0,4,5,1,6,2,2,6,6,4,9,3,2,4,13,16,9,8,16,7,9,28,12,13,19,23,27,20,32,30,23,26,24,16,27,43,21,35,29,44,45,25,69,58,101,77,103,43,27,67,66,101,79,95,21,35,119,102,90,113,128,47,46,168,126,147,147,131,73,41,190,196,154,172,199,79,49,203,196,200,164,244,123,50,219,196,170,155,104,71,30,173,169,117,120,127,43,33,140,134,124,117,116,74,46,148,145,138,128,160,88,50,192,174,168,202,182,82,67,214,240,209,185,183,85,53,201,191,197,202,211,96,71,259,266,216,168,215,92,68,288,248,230,247,214,84,71,297,244,237,220,234,91,83,303,308,248,268,214,106,88,256,253,240,261,183,76,74,249,214,91,235,177,80,53,232,204,217,182,188,75,58,231,215,148,156,145,86,39,165,176,146,132,117,73,49,211,176,138,149,153,60,43,185,216,145,139,110,50,48,168,160,147,141,122,46,34,103,139,165,134,104,44,51,151,160,128,143,133,44,32,66,181,142,143,103,55,48,138,180,152,157,141,68,49,178,193,189,132,145,51,53,188,174,145,168,170,66,52,231,238,198,189,163,65,48,183,82,19,5,0,0
"17",2044058,"MORELOS",0,0,0,0,0,0,0,0,0,0,0,0,0,0,0,0,0,0,0,0,0,0,0,0,0,0,0,0,0,0,0,0,0,0,0,0,0,0,0,0,0,0,0,0,0,0,0,0,0,0,0,0,0,0,0,0,0,1,0,0,0,0,1,0,0,1,1,0,1,1,0,2,3,0,0,0,3,1,2,1,3,8,1,4,3,8,7,6,8,3,2,4,9,11,11,8,12,9,18,33,23,32,31,37,14,34,48,30,51,41,35,29,50,57,53,56,49,46,27,32,67,59,62,43,54,28,27,49,57,52,57,69,29,21,74,77,44,61,51,27,32,63,52,56,46,59,26,21,88,56,53,58,58,38,31,64,59,49,38,61,22,17,34,43,59,31,36,15,18,53,30,39,36,35,11,12,41,38,24,37,39,15,17,50,42,39,39,40,13,15,49,42,38,40,36,19,20,54,48,46,50,47,20,18,39,53,32,46,43,15,20,47,56,45,38,40,21,11,52,48,30,44,24,18,7,49,47,39,41,40,15,9,54,33,28,26,28,17,6,32,34,33,37,19,6,13,40,25,10,32,24,11,11,41,34,28,22,26,10,1,29,40,24,38,29,13,9,56,47,39,41,25,16,13,49,34,41,21,39,11,9,30,37,36,29,32,18,6,36,41,24,23,17,8,10,36,44,31,33,32,16,13,50,62,49,37,41,16,12,13,52,48,47,34,21,6,66,54,56,57,31,25,31,76,86,59,78,39,22,16,62,95,80,86,55,19,19,79,78,61,40,25,20,24,42,56,30,9,0,0
"18",1288571,"NAYARIT",0,0,0,0,0,0,0,0,0,0,0,0,0,0,0,0,0,0,0,0,0,0,0,0,0,0,0,0,0,0,0,0,0,0,0,0,0,0,0,0,0,0,0,0,0,0,0,0,0,0,0,0,0,0,0,0,0,0,0,0,0,0,0,0,0,0,1,1,0,0,0,2,3,0,0,0,1,0,0,2,0,0,1,4,2,2,2,2,2,0,2,4,4,2,2,3,4,3,2,1,4,4,6,4,3,6,11,15,6,13,7,15,15,17,23,17,15,6,7,9,20,18,15,19,16,3,7,18,24,18,19,26,13,8,19,30,35,33,30,22,11,24,43,36,28,37,23,17,42,40,33,45,58,27,21,49,35,43,48,46,31,33,76,49,48,43,49,44,25,61,58,63,53,60,43,18,78,65,43,60,79,42,31,74,53,63,67,61,52,39,79,73,85,68,81,33,31,83,61,50,54,64,38,28,66,65,59,51,48,44,38,68,55,73,69,55,39,24,54,59,50,35,45,33,22,86,51,55,39,31,21,25,46,60,38,48,30,20,21,57,43,39,31,28,12,29,46,22,19,50,41,26,21,44,43,34,45,20,14,12,41,39,25,36,24,10,16,36,20,25,25,34,14,17,30,31,20,27,26,15,12,35,31,21,15,10,8,12,23,31,21,12,15,8,9,21,25,18,23,18,14,11,16,26,15,13,19,8,5,6,19,16,17,13,5,18,24,34,18,20,21,12,7,21,21,30,29,16,12,11,23,13,26,20,21,10,8,32,27,15,19,27,10,10,30,19,13,17,0,0
"19",5610153,"NUEVO LEON",0,1,0,0,0,0,0,0,0,0,0,0,0,0,0,0,0,0,0,0,0,0,0,0,0,0,0,0,0,0,0,0,0,0,0,0,0,0,0,0,0,0,0,0,0,0,0,0,0,0,0,0,0,0,0,0,0,0,2,4,0,5,6,0,6,6,9,4,12,4,4,5,5,0,1,8,2,3,4,0,0,6,2,3,1,10,7,9,1,22,8,15,20,18,7,12,9,6,2,12,17,17,6,6,6,8,20,28,22,28,27,22,9,40,63,26,25,32,27,21,43,36,68,38,76,30,12,48,40,61,35,50,35,27,81,119,69,64,69,43,20,85,94,75,131,147,77,43,202,155,225,201,247,165,104,280,215,179,230,212,173,103,295,311,306,316,326,210,175,407,375,431,343,349,231,195,534,493,455,497,461,318,241,576,579,580,560,517,246,191,567,580,521,603,542,270,134,214,363,295,348,338,124,107,368,412,375,360,404,208,156,381,373,367,407,351,196,156,431,386,417,396,331,225,147,410,532,544,504,527,235,151,416,472,477,476,454,164,138,412,516,491,339,352,177,120,482,286,196,513,525,203,141,541,518,468,458,430,208,144,573,528,384,390,395,221,142,492,578,527,489,570,269,198,662,597,556,521,564,276,177,546,553,545,454,505,255,169,528,502,442,492,450,216,151,474,556,527,605,817,409,276,643,654,657,637,636,378,299,255,599,519,577,591,292,184,532,513,517,567,476,303,156,515,501,408,402,397,208,119,455,574,601,553,636,333,235,663,705,551,578,440,226,181,634,599,397,230,6,0
"20",4143593,"OAXACA",0,0,0,0,0,0,0,0,0,0,0,0,0,0,0,0,0,0,0,0,0,0,0,0,0,0,0,0,0,0,0,0,0,0,0,0,0,0,0,0,0,0,0,0,0,0,0,0,0,0,0,0,0,0,0,0,0,0,0,0,0,2,0,0,0,0,0,1,1,1,1,2,1,3,3,1,1,2,2,6,1,0,3,2,2,5,0,5,1,2,2,2,5,4,7,5,8,6,3,6,4,9,8,15,7,13,10,18,12,12,15,10,15,25,34,25,25,23,15,29,56,66,69,66,79,65,17,122,74,79,103,84,83,39,107,81,91,128,121,116,48,152,163,147,194,185,159,55,186,161,174,156,153,160,74,198,157,191,177,178,140,51,212,193,171,188,190,142,82,194,187,229,215,213,171,57,268,236,207,173,202,123,63,178,208,160,181,180,121,69,199,178,177,159,165,122,58,175,150,171,140,148,80,39,143,174,142,116,101,102,28,131,114,122,136,123,95,31,122,135,95,93,111,84,27,151,102,103,126,75,78,21,103,124,92,129,99,98,27,139,137,152,125,85,166,34,138,149,125,161,91,117,32,170,156,144,98,114,110,42,188,164,118,134,110,109,61,135,156,153,125,133,141,58,123,153,141,115,133,80,39,130,114,135,113,103,95,65,114,142,89,101,98,60,33,49,153,117,93,106,73,30,155,141,123,123,100,77,76,74,121,113,103,77,70,49,120,114,102,99,78,84,35,170,137,160,147,131,95,50,167,132,153,127,192,111,31,178,160,152,165,98,52,40,70,65,67,26,3,0
"21",6604451,"PUEBLA",0,0,0,0,0,0,0,0,0,0,0,0,0,0,0,0,0,0,0,0,0,0,0,0,0,0,0,0,0,0,0,0,0,0,0,0,0,0,0,0,0,0,0,0,0,0,0,0,0,0,1,0,0,0,0,0,0,0,0,1,1,4,3,3,2,5,6,7,5,4,2,8,16,6,16,9,13,4,16,23,16,19,14,11,9,25,13,23,11,8,15,5,25,16,28,21,31,24,19,31,22,27,33,41,43,26,35,43,45,48,41,43,38,46,33,50,64,48,48,36,72,74,91,107,105,79,69,131,128,119,146,174,147,81,167,162,188,163,153,117,64,193,172,195,209,206,126,94,305,243,248,295,313,174,146,441,414,424,512,434,217,174,493,414,369,471,371,199,147,363,370,333,291,284,187,141,346,359,346,338,333,190,180,436,438,419,405,399,198,175,496,367,387,366,347,236,115,450,342,347,356,255,144,106,313,288,303,330,268,176,99,298,292,266,248,229,133,84,260,226,214,198,195,138,82,267,219,215,203,203,86,97,207,194,181,176,170,108,72,178,149,177,168,126,72,51,181,116,75,174,138,81,53,185,168,122,120,143,84,65,162,95,109,126,149,43,55,143,122,131,106,127,70,44,159,120,136,154,140,74,56,191,155,132,148,163,94,70,167,144,140,164,143,55,45,106,153,145,122,141,74,45,171,143,196,191,155,97,67,78,232,184,210,158,104,66,210,224,216,209,230,149,70,241,254,273,245,217,148,81,256,209,286,234,240,136,92,264,274,279,165,167,91,88,253,206,170,49,6,0
"22",2279637,"QUERETARO",0,0,0,0,0,0,0,0,0,0,0,0,0,0,0,0,0,0,0,0,0,0,0,0,0,0,0,0,0,1,0,0,0,0,0,0,0,0,0,0,0,0,0,0,0,0,0,0,0,0,0,0,0,0,0,0,0,0,2,1,1,2,1,0,0,2,2,3,0,1,0,3,5,2,1,4,2,1,1,4,3,1,3,1,0,4,5,3,3,2,3,1,8,8,3,7,6,2,2,5,2,7,9,10,1,2,3,9,12,6,8,12,4,10,11,9,14,26,26,19,47,34,29,41,49,28,17,47,61,42,37,36,22,12,52,38,36,31,37,27,21,39,50,47,46,36,30,28,53,43,39,33,42,34,22,59,46,44,40,29,32,16,51,40,42,39,44,24,21,60,49,53,64,33,23,32,55,76,64,66,59,48,32,87,60,92,72,80,47,32,84,75,74,69,56,49,37,85,84,86,78,79,48,31,99,91,73,103,84,43,34,119,92,97,70,102,61,53,101,83,119,92,91,49,30,140,130,134,108,99,81,60,137,158,108,111,123,57,45,110,113,107,67,93,35,40,106,74,32,85,75,56,44,119,108,117,95,89,46,39,132,111,118,128,111,57,45,122,113,119,133,164,84,74,206,213,199,229,210,116,94,301,235,189,238,203,146,108,282,245,214,219,199,165,109,276,255,296,305,296,180,200,301,341,375,335,280,190,231,135,337,353,306,382,221,210,501,454,396,444,386,238,239,423,392,449,401,361,247,233,379,405,388,411,465,194,169,340,338,288,240,235,94,101,236,206,215,137,8,0
"23",1723259,"QUINTANA ROO",0,0,0,0,0,0,0,0,0,0,0,0,0,0,0,0,0,0,0,0,0,0,0,0,0,0,0,0,0,0,0,0,0,0,0,0,0,0,0,0,0,0,0,0,0,0,0,0,0,0,0,0,0,0,0,0,0,0,0,2,1,0,4,0,3,4,2,5,1,3,4,3,8,10,10,7,7,3,22,15,24,11,14,9,11,35,24,28,11,23,20,23,23,17,21,31,34,47,25,46,44,36,49,25,32,32,45,44,39,34,32,72,31,36,28,42,41,28,20,23,49,38,27,40,22,19,13,48,37,45,41,48,40,25,49,33,43,49,47,26,22,45,63,44,38,39,23,28,55,51,58,55,51,33,52,91,64,65,69,82,38,53,110,92,84,103,137,64,66,175,152,129,155,131,76,60,195,161,174,171,155,89,77,194,188,151,149,140,72,68,182,154,176,151,155,65,60,187,145,157,122,127,66,71,137,127,111,107,99,39,53,144,91,101,75,76,48,55,108,73,66,78,83,27,39,120,74,85,79,65,30,50,95,79,67,51,53,27,27,84,70,48,47,30,18,15,67,41,25,57,56,35,31,77,70,55,56,64,33,26,100,55,60,60,59,20,19,85,57,20,50,59,28,26,49,58,50,45,46,19,12,45,56,31,39,30,23,19,38,43,52,24,45,23,13,36,41,31,25,31,16,15,29,36,27,23,35,15,12,13,31,44,21,44,14,14,54,57,56,52,62,15,15,55,64,59,57,44,19,17,57,45,45,38,70,23,19,68,82,54,57,55,29,24,82,71,20,0,1,0
"24",2866142,"SAN LUIS POTOSI",0,0,0,0,0,0,0,0,0,0,0,0,0,0,0,0,0,0,0,0,0,0,0,0,0,0,0,0,0,0,0,0,0,0,0,0,0,0,0,0,0,0,0,0,0,0,0,0,0,0,0,0,0,0,0,0,0,0,0,0,0,2,0,0,1,5,1,3,3,4,1,2,0,0,1,7,1,6,3,2,0,0,0,3,2,3,5,2,4,1,3,0,1,1,2,2,8,1,0,1,3,3,5,6,8,3,14,18,9,10,14,14,10,27,16,34,13,26,12,19,31,23,25,35,27,25,15,34,27,40,37,55,20,21,49,39,60,38,50,24,18,51,54,77,80,76,58,50,116,93,85,78,60,31,23,115,102,114,94,98,50,41,125,129,118,123,108,95,43,140,142,148,155,173,78,58,211,196,207,232,272,177,106,356,356,420,362,407,220,242,420,411,384,398,398,247,143,399,408,375,299,349,203,124,357,335,354,341,289,183,112,305,258,280,256,272,145,156,321,291,282,265,285,162,100,317,258,276,199,206,114,114,290,242,276,219,199,86,60,236,204,186,185,202,66,69,247,135,69,188,210,95,66,216,217,198,141,169,78,58,167,129,162,127,173,78,67,211,197,202,190,230,150,89,226,280,226,211,205,102,93,277,307,236,209,227,135,91,206,242,206,231,163,111,77,155,194,222,233,185,133,59,297,266,245,297,225,136,90,107,267,265,279,247,109,73,231,287,238,238,220,131,71,236,234,208,201,164,96,59,147,226,176,165,200,85,67,198,226,166,151,121,67,50,147,79,8,2,1,0
"25",3156674,"SINALOA",0,0,0,0,0,0,0,0,0,0,0,0,0,0,0,0,1,1,0,0,0,0,0,0,0,0,0,0,0,0,0,0,0,0,0,0,0,0,0,0,0,0,0,0,0,0,0,0,0,0,0,0,0,0,0,0,0,0,0,0,0,1,0,0,1,1,0,2,1,0,1,4,7,8,9,10,7,7,12,16,14,28,10,14,15,32,23,29,12,34,25,23,51,47,52,42,45,34,33,65,47,54,68,70,52,39,85,49,57,59,58,48,33,79,57,86,66,65,53,42,71,89,82,104,99,69,66,150,107,126,120,142,62,84,175,188,199,164,192,132,73,229,184,217,200,225,157,104,217,248,229,235,295,95,89,194,212,203,165,175,140,87,219,204,210,144,188,96,85,173,174,195,150,164,100,85,160,187,177,164,166,94,100,194,182,168,134,148,77,55,149,142,131,136,128,72,80,201,156,150,141,104,78,53,170,130,120,125,115,70,60,135,117,122,126,115,60,44,137,131,142,122,114,53,55,116,130,140,112,108,65,62,135,144,164,89,122,40,49,117,114,94,99,113,53,38,135,58,33,118,118,65,26,129,122,110,85,82,34,42,129,112,98,91,96,35,25,108,125,90,97,100,53,43,129,126,112,93,104,62,33,116,116,106,122,125,43,42,130,124,107,66,72,30,26,78,82,102,109,64,38,31,111,91,102,77,69,39,22,30,113,92,93,103,44,19,88,103,59,77,89,36,28,95,100,74,75,93,26,12,89,75,62,79,91,39,25,112,98,86,64,71,40,28,86,29,10,10,0,0
"26",3074745,"SONORA",0,0,0,0,0,0,0,0,0,0,0,0,0,0,0,0,0,0,0,0,0,0,0,0,0,0,0,0,0,0,0,0,0,0,0,0,0,0,0,0,0,0,0,0,0,0,1,0,0,0,0,0,0,0,0,0,0,0,0,0,0,0,0,1,0,2,1,0,1,1,0,3,5,5,1,5,4,0,2,5,1,3,2,7,2,11,14,16,7,7,6,4,18,9,14,16,15,14,7,9,15,23,9,21,10,16,35,30,25,41,37,33,26,68,63,46,44,58,53,29,80,77,113,87,109,68,62,172,158,158,183,158,136,108,235,288,237,274,218,147,126,251,251,253,248,257,164,121,277,299,267,279,268,174,141,300,317,334,284,308,199,165,365,371,352,391,346,208,194,406,488,437,465,439,223,269,580,544,489,447,417,241,211,606,507,454,397,410,208,193,420,296,296,325,357,189,190,408,446,428,433,354,176,131,384,348,389,324,317,218,149,314,277,258,244,297,103,86,290,294,232,261,250,194,69,262,267,290,186,217,127,53,244,238,145,131,185,89,57,172,206,206,140,127,74,64,216,131,91,176,145,93,31,165,199,178,155,152,71,42,201,206,175,179,171,58,52,221,183,141,130,108,72,54,142,191,173,169,136,68,73,213,156,164,183,158,48,50,230,145,130,118,148,42,40,127,220,175,218,145,65,82,216,221,250,217,184,77,60,120,286,241,254,260,107,85,392,348,346,305,272,119,103,329,306,300,265,252,120,132,346,312,308,264,298,147,103,320,314,257,204,102,31,32,71,31,35,15,0,1
"27",2572287,"TABASCO",0,0,0,0,0,0,0,0,0,0,0,0,0,0,0,0,0,0,0,0,0,0,0,0,0,0,0,0,0,0,0,0,0,0,0,0,0,0,0,0,0,0,0,0,0,0,0,0,0,0,0,0,0,0,0,0,0,0,0,0,0,0,0,0,0,1,3,2,2,0,0,3,12,3,5,11,1,9,10,11,9,15,21,3,9,8,13,18,11,15,19,29,30,47,39,44,57,48,41,72,85,65,66,69,44,41,59,58,50,84,55,50,46,86,72,95,105,82,53,66,116,89,116,127,145,86,82,123,107,161,143,141,98,83,175,200,227,222,172,103,74,206,161,182,188,179,134,109,288,296,318,275,367,180,107,311,314,311,320,298,196,108,275,277,288,323,259,197,151,389,409,406,424,349,152,137,331,381,405,427,348,219,204,433,463,459,408,455,239,207,452,463,403,436,442,215,204,465,405,411,349,355,185,122,281,254,283,295,251,111,91,266,255,194,214,216,113,86,200,199,253,169,191,83,79,151,192,203,219,210,110,81,186,207,187,116,150,76,79,154,138,81,122,128,91,86,154,132,47,163,140,67,51,129,135,141,122,112,48,69,140,121,95,59,70,49,44,86,108,61,88,114,59,53,105,86,101,69,83,41,39,73,74,75,79,79,35,35,82,114,113,79,22,40,32,42,108,108,107,87,54,29,131,107,99,123,136,58,33,40,139,116,122,140,90,55,145,149,179,137,165,92,89,192,171,201,194,156,100,91,255,304,330,277,275,179,163,284,280,296,263,271,167,147,314,314,247,70,1,0
"28",3650602,"TAMAULIPAS",0,0,0,0,0,0,0,0,0,0,0,0,0,0,0,0,0,0,0,0,0,0,0,0,0,0,0,0,0,0,0,0,0,0,0,0,0,0,0,0,0,0,0,0,0,0,0,0,0,0,0,0,0,0,0,0,0,0,0,0,0,0,0,1,1,0,0,1,1,0,2,1,1,0,0,1,3,3,4,5,9,1,9,3,4,10,7,3,5,11,5,9,14,19,16,27,31,15,11,27,21,31,34,28,40,34,30,42,36,18,33,32,25,44,37,49,46,31,28,22,43,52,44,36,66,49,17,65,51,69,72,91,70,35,117,118,112,67,98,68,50,133,102,95,102,114,81,70,136,136,182,133,236,138,126,259,302,213,226,224,198,126,332,302,309,386,445,229,173,507,388,438,379,390,216,187,429,482,428,422,342,240,147,438,517,480,489,437,271,230,450,420,407,364,409,250,99,313,326,357,272,220,186,85,332,292,265,274,306,217,118,314,342,233,211,231,125,91,246,225,156,193,263,92,67,187,163,187,168,178,77,90,249,256,249,248,222,120,66,219,202,178,168,158,75,35,156,131,50,148,114,63,48,161,183,108,122,139,66,48,148,160,119,107,75,68,32,134,122,116,99,85,62,35,115,148,97,91,96,55,40,130,194,149,114,118,79,71,176,158,86,94,101,51,34,96,138,103,122,109,64,65,157,137,119,113,124,69,57,83,220,214,159,163,81,65,155,159,133,127,146,73,60,125,125,115,128,103,49,49,134,138,91,104,117,54,56,142,154,142,117,119,57,37,116,45,12,6,0,0
"29",1380011,"TLAXCALA",0,0,0,0,0,0,0,0,0,0,0,0,0,0,0,0,0,0,0,0,0,0,0,0,0,0,0,0,0,0,0,0,0,0,0,0,0,0,0,0,0,0,0,0,0,0,0,0,0,0,0,0,0,0,0,0,0,0,0,0,0,0,0,0,0,0,0,0,0,0,0,1,1,0,0,1,2,0,1,0,4,1,0,2,6,8,7,6,1,6,8,2,7,7,5,9,6,3,10,9,11,8,12,15,21,13,14,24,10,16,9,16,7,25,16,23,17,20,20,16,36,37,41,21,37,29,25,42,51,42,50,44,28,16,59,37,40,45,46,40,25,65,45,59,55,48,34,28,68,55,63,53,55,26,31,61,55,76,56,49,33,32,67,86,76,65,90,28,49,86,95,80,103,92,28,50,76,99,60,84,82,42,33,72,102,104,101,101,54,55,100,80,88,77,93,38,44,112,89,92,85,75,44,20,80,80,75,62,62,34,18,85,56,67,73,48,35,16,73,55,43,76,61,31,18,88,70,68,37,48,21,19,46,39,40,48,54,45,26,39,40,27,30,26,18,18,56,36,12,56,24,20,14,38,46,48,28,21,5,10,28,38,35,22,20,13,5,17,21,20,24,26,18,12,31,43,31,14,29,17,15,26,34,28,30,32,19,10,33,27,28,25,21,14,25,32,34,30,22,36,18,19,36,46,35,41,45,35,15,33,71,67,39,44,20,21,30,29,25,22,38,20,16,46,40,37,31,36,25,10,67,46,44,55,54,23,22,75,63,65,62,74,30,23,72,63,45,1,0,0
"30",8539862,"VERACRUZ",0,0,0,0,0,0,0,0,0,0,0,0,0,0,0,0,0,0,0,0,0,0,0,0,0,0,0,0,0,0,0,0,0,0,0,0,0,0,0,0,0,0,0,0,0,0,0,0,0,0,0,0,0,0,0,0,0,0,0,0,0,0,0,2,0,0,7,5,2,1,0,4,3,2,5,2,1,1,4,2,9,6,8,2,2,6,11,4,12,9,14,9,15,13,30,39,36,19,20,39,47,30,51,51,44,30,69,75,76,67,67,65,59,94,106,109,121,108,79,70,139,127,134,170,194,135,89,168,156,183,176,177,117,107,212,197,189,178,190,137,115,239,188,197,234,210,115,102,218,224,236,213,194,139,139,344,309,252,267,282,167,141,373,302,299,318,324,165,163,358,386,393,378,398,174,197,383,432,410,415,346,259,223,477,462,527,444,395,250,217,500,493,438,419,459,214,240,469,369,351,346,301,177,178,361,305,305,258,286,124,117,319,254,253,244,209,112,117,268,252,215,173,172,99,104,255,230,231,189,174,111,101,240,259,256,204,191,85,84,198,220,202,176,178,73,83,196,74,87,230,175,70,81,269,177,173,179,142,55,74,213,129,150,128,118,66,54,190,157,130,133,145,48,62,177,140,147,121,103,47,44,167,111,85,121,96,45,32,152,118,116,94,84,36,39,105,115,79,119,76,38,27,116,114,107,107,87,42,40,44,139,88,98,86,40,31,150,106,98,120,122,48,49,167,93,110,73,89,37,39,109,129,109,124,104,56,46,160,159,153,107,69,38,22,34,16,6,0,0,0
"31",2259098,"YUCATAN",0,0,0,0,0,0,0,0,0,0,0,0,0,0,0,0,0,0,0,0,0,0,0,0,0,0,0,0,0,0,0,0,0,0,0,0,0,0,0,0,0,0,0,0,0,0,0,0,0,0,0,0,0,0,0,0,0,0,0,0,1,0,0,4,2,6,0,2,6,0,8,5,8,3,0,3,4,2,10,4,9,3,10,2,5,13,12,9,11,4,6,7,18,18,27,12,15,6,8,26,20,22,34,34,24,20,38,43,31,60,26,29,30,50,44,34,37,36,19,27,45,52,59,58,42,32,49,54,53,57,71,62,33,30,54,58,61,60,47,29,25,58,48,52,43,34,44,36,89,68,75,85,67,41,59,104,97,120,105,111,95,90,143,153,174,189,143,100,71,193,160,170,163,199,72,72,178,190,189,193,184,95,95,214,196,204,210,195,94,87,260,239,259,242,252,100,93,272,335,299,377,237,124,80,211,194,185,172,163,118,97,155,178,135,149,182,103,95,176,222,138,175,152,62,111,185,170,139,256,227,49,50,174,142,170,166,151,65,73,189,185,152,149,137,68,57,99,118,37,162,122,68,49,143,144,140,163,108,33,56,127,111,114,110,95,27,44,133,102,26,77,99,45,53,143,180,107,115,135,77,34,133,199,164,144,111,53,45,104,34,88,103,72,44,30,67,90,75,73,83,41,45,71,119,80,154,74,47,38,34,92,118,105,122,79,62,161,107,138,116,67,54,36,101,103,115,114,78,40,43,86,101,85,86,101,49,50,173,140,119,95,92,46,30,93,106,52,15,0,0
"32",1666426,"ZACATECAS",0,0,0,0,0,0,0,0,0,0,0,0,0,0,0,0,0,0,0,0,0,0,0,0,0,0,0,0,0,0,0,0,0,0,0,0,0,0,0,0,0,0,0,0,0,0,0,0,0,0,0,0,0,0,0,0,0,0,0,0,0,0,0,0,1,0,0,0,1,1,1,0,1,0,0,4,1,0,0,0,0,1,0,1,1,1,0,2,2,0,2,1,0,1,6,4,2,7,1,9,2,2,8,5,4,3,4,10,9,4,7,7,2,7,5,11,9,9,4,2,11,3,12,18,8,3,3,6,0,16,7,9,11,6,11,12,4,7,15,7,5,16,13,16,18,17,14,12,20,30,38,20,25,19,9,37,34,20,23,26,11,9,35,30,24,32,31,15,24,43,54,45,48,50,22,20,58,45,53,36,47,55,32,46,61,76,98,55,45,25,88,86,94,81,85,61,26,78,129,73,103,78,50,41,95,90,85,99,87,93,59,110,171,135,69,74,64,47,80,100,88,95,93,49,45,95,111,86,98,96,40,32,66,91,124,76,106,52,38,76,76,78,103,87,38,36,71,88,42,109,68,32,18,75,94,69,90,80,33,25,81,114,81,88,93,38,59,84,103,95,102,104,93,95,131,179,140,137,154,99,49,162,178,185,165,166,120,68,183,230,171,188,158,93,60,165,235,210,249,199,122,98,191,265,251,253,274,106,97,125,225,263,298,255,96,84,235,272,273,231,228,103,86,190,313,204,177,188,76,57,187,188,147,182,156,59,66,139,191,128,189,78,82,57,133,195,74,43,0,0
"000",127792286,"Nacional",0,1,0,0,0,0,0,0,0,0,0,0,0,0,0,0,1,1,0,0,0,0,0,0,0,0,0,0,0,1,0,0,0,0,0,0,0,0,0,1,0,0,0,2,0,0,5,3,1,0,2,3,2,3,0,1,4,2,11,29,29,60,50,36,70,97,105,149,129,81,65,155,220,174,209,248,181,153,329,295,355,328,369,233,243,595,493,546,440,528,440,446,900,884,927,948,1086,763,722,1438,1390,1325,1419,1636,1058,1013,1821,1829,1788,1801,1418,1366,1255,2522,2106,2280,2406,2421,1526,1423,2964,2937,3116,3076,3478,2169,1638,4030,3574,3902,4006,3992,2279,1872,4619,4332,4463,4220,4369,2728,2078,5286,4754,4947,4906,5043,3015,2339,6152,5762,5729,5391,5623,3069,2588,6550,6406,6122,6078,6111,3564,2465,6875,6613,6294,6278,6524,3664,2943,7503,7194,7597,7042,7063,3648,2983,7822,7875,7435,7131,7186,3850,3229,8822,8459,8790,8232,7950,4383,3416,9087,8633,8297,8055,8002,4141,2995,8451,8160,7658,7565,6691,3782,2503,7466,7364,7160,6679,6594,3663,2387,7175,6867,6417,6390,6179,3211,2305,6863,6662,6258,5975,6281,3111,2304,7001,6594,7007,6425,6303,3108,2168,6937,7063,6894,6236,5998,2827,2045,6315,6528,5981,5636,5422,2735,1833,6172,4266,2151,6305,5651,2747,1759,6232,6097,5679,5318,5264,2617,1758,6160,5974,5496,5215,4964,2383,1691,5753,5895,5648,5464,5663,2958,2123,6654,6984,6386,6366,6506,3211,2201,8060,8229,7222,7096,7089,3370,2356,8147,7828,6966,6642,6185,2862,2012,4949,7888,7307,7191,6819,3335,2410,8188,8189,8145,7963,7400,3716,2503,3019,9302,8521,8080,8131,4040,2615,9940,9986,9251,9394,9224,4642,2858,10544,10937,10904,10565,10255,5393,2910,12084,12099,11494,11584,11376,5875,3003,12768,12401,11243,10521,9625,4871,2616,9915,8643,6388,3812,283,2
